LABEL ,COMMENTS
Negative ,I'm back and unimpressed. The film is the second worse In the franchise.
Neutral ,What timeline did a jump to?? I remember waiting for 2023 for this movie to be released this past summer ğŸ˜³
Negative ,The worst part of this are the dinosaurs thriving in the winter snow.
Neutral ,Baby blue
Positive ,WOW
Positive ,"This movie was amazing. It was well thought out, and the visuals were stunning. A great way to end the trilogy"
Neutral ,going watch
Neutral ,All Jurassic Park movies belong to Sam Neil... Nobody can do this better than him
Neutral ,"Funny you don't see any Mammoths in these films, because we can clone them in real life unlike dinosaurs."
Negative ,Those raptor sounds are really getting old. Jeez come on where are the good movies? New Jurassic park is crappy compared to the first one.
Negative ,Bad movie
Negative ,hey kids skip this turkey. you are better off going back to your drag queen story hour
Neutral ,a trumpet dinosaur
Negative ,"The only marks I can give this is, it is a bigger load of rubbish than the one before it."
Negative ,"Didn't enjoy it, goes to long."
Negative ,It's so funny how only white people in this movie are truly one dimensional evil people.
Neutral ,I am going to watch today
Negative ,Nice trailer but script isğŸ¤®. Stop ruining classics.
Neutral ,They were extinct for a reason
Negative ,This movie is a fucking train wreck.
Negative ,some of the actors in this aren't fit for the roles at all
Positive ,"A few good moments, above average action and infusion of several characters with justice done in terms of screen presence. It's definitely not a bad movie, you can watch it with family."
Positive ,An adventure 65 million and 29 years in the making. I can't begin to describe how much this franchise means to me. It's been with me ever since my childhood.
Negative ,So trash this movie. Fooled us all with the trailer.
Negative ,The new Jurassic movies suck so bad
Positive ,the music wow
Neutral ,The us and the world should find a way to bring back Dino's I should love to live with Dino's
Negative ,I want a refund and a memory eraser. Please
Negative ,This movie is a rotten tomato and rotten egg salad. How did this happen ğŸ˜³ğŸ˜³ğŸ˜³
Negative ,Poachers in a world filled with dinosaurs as pest. Wtf is this shitty f movie
Negative ,22 minutes now. Shoot me know. Two dinosaurs bone doctors thinking they know bugs lol ğŸ˜‚ğŸ˜‚ğŸ˜‚ğŸ˜‚ğŸ˜‚ğŸ˜†
Negative ,10 minutes in and everything so far sucks. No punch no purpose. Lame ... Very lame.i want my 24.99 from Amazon back. Just no back bone
Neutral ,â€œLife will find a wayâ€
Neutral ,"Some of the dinosaur scenes were spot on in many ways, but as a whole the movie felt like watching nothing and the plot was abysmal."
Positive ,This movie was amazing I dont care what people say about it its amazing and I love it the only bad thing is that they dont explain why Biosyn made the locusts in the first place
Negative ,How abought this watched the first hour. It sucks!!!! Who wrote the storyline. You bring back the stars and give us a piece of shit.
Positive ,I'm grateful that the movie didn't get banned
Neutral ,My favorite dinosaur is a T-Rex
Positive ,Good movie
Negative ,Worst jurassic movie I've ever seen
Negative ,Worst movie ever ğŸ˜…ğŸ¤¦â€â™‚ï¸
Neutral ,I'm waiting dragon in Jurassic world
Negative ,God this movie was awful
Negative ,I could never get over the hand controlling â€œhey calm down what did I say!!!â€ To the dinosaursâ€¦ they lost me on that
Negative ,How can you out run a raptorğŸ¦–
Negative ,Dinosaurs are impactful when they are portraited as killing giants rather than presenting them as pets and running around our cities. To be honest I didn't liked it
Neutral ,I didnt know blue would have young in this movie
Negative ,After about the 2nd movie theyâ€™ve become stupid
Negative ,I think they are on somekinda drugs to make such a stupid script.  4/10
Negative ,Awful viewing. Locusts the main story line ffs
Negative ,After watching this movie i hope they never make another one! This movie sucked!
Negative ,"Worst movie, that i've seen, for a long timeğŸ‘ğŸ¤®"
Negative ,What a complete disappointment to what was an amazing franchise.
Positive ,"After seeing on Amazon prime , regret why i didnt watch in theatre..this movie is not bad as the critics and audience rated..first 20 mins was slight slow..but later it wS good..enjoyable"
Neutral ,Putting the old cast back on the screen? They really be bringing dinos back to life.
Negative ,I get the feeling this movie is made by hollywood socialists. Its really a hopeless thriller compared to the old ones.
Negative ,"Great effects, great sound, good actors but the story was disappointing and weak"
Negative ,"This trailer was good. The movie? Not so much.... I am so disappointed and heartbroken that this dumpster fire ""World"" trilogy is the way the Jurassic film series ends."
Negative ,Terrible film. They need to leave classics alone and let them be
Negative ,Don't pay to watch this movie... It's shit
Positive ,I love Jurassic world
Negative ,At some points I thought I was watching  mission impossible
Negative ,Stop
Neutral ,Going to see it on Dolby surround sound in 1hr.
Negative ,Wasted potential after watching the movie. Sad this franchise went out this way.
Negative ,This is stupid
Negative ,Awful movie
Negative ,They canâ€™t live in the cold their cold blooded Iâ€™m confused.
Neutral ,I guess this is the final chapter of Jurassic World.
Positive ,Good
Neutral ,This shit is about as good as Dragon Ball Evolution
Negative ,"It can't end like this, the moving was so lackluster.."
Positive ,Blue has a baby dinosaur. So cute
Positive ,This was actually decent. Shocked me since none have been good since the first. 2hrs & 40minutes though for some fake cgi dinosaurs is way too long.
Negative ,I'm not even half way through the movie and I'm ready to turn it off. This isn't a JP movie.
Negative ,I fell asleep watching this it was boring as hell
Neutral ,Ooooo
Negative ,the first 3 for me will always be the best . the first FAF were the best as well. same with the terminator. it seems after 3 it goes down hill . 3 is the lucky number.
Negative ,No way
Negative ,Kind of getting tired of seeing Andy Dwyer and anything
Neutral ,I'm making a YouTube channel some day. 2023 ?
Negative ,Just incase you didn't notice clair has a real physics issues she chased by a flying dinassuce and in a muddy situation poor bitch
Positive ,I loved this movie! Anyone else
Negative ,Vfx are not that good
Negative ,"Terrible movieâ€¦ really I was expecting more from it. Not just a movie who is afraid to put real action, real horror, and a real script. 4/10"
Positive ,"This movie should definitely win an *Oscar* for ""Best Visual Effects"", they are top notch here!) ğŸ”¥"
Positive ,I actually found it entertaining and people disappointed with it went in thinking it would be something else . It's entertaining and that's all that matters in this type of movie !
Negative ,These movies are the equivalent of a 2.5 hour long fast food commercial
Negative ,That was funnyğŸ˜‚ğŸ‰ğŸ‰ğŸ‰ğŸ‰ğŸ‰
Negative ,This was the worst movie ever seen. Just one big propaganda documentary
Negative ,"Again, Americans with perfect video quality, high budget but trash scenario"
Negative ,Huge disapoing after watching.....
Positive ,Ima go XD
Positive ,"I love trio Jurassic Park ğŸ˜˜,my fave when I was in elementary school ğŸ˜ğŸ¤©"
Positive ,omg yes we have a trilogy now
Negative ,"The plot of terrible, even the CGI was terrible."
Positive ,"Love Jeff G. ""Bigger......Why do they always have to go Bigger? """
Negative ,BOOOOOORIIIIING.
Negative ,The best and most iconic part from this movie was when the roll credit appeared
Negative ,"Nothing beats the first movie, everything else is   Sad. Story line sucks ass.."
Positive ,"I seen this movie, it was f*ckin awesome. I love it"
Neutral ,â€Weâ€™re gonna need a better conclusionâ€
Negative ,"Okay, the movie was meh. Maybe even bad. But we can all admit one thing: The trailer freaking SLAPS"
Negative ,"15 minutes in, and the *real creative writers* in Hollywood have come up with an Evil Corporation storyline. Man, these guys are good."
Positive ,The best movie loved it
Positive ,WOOOOOOO
Negative ,I'm watching this on peacock. So far the intro is not the best. CGi is bad.  Waist of money whoever agreed to pay for this junk..
Positive ,I know it was good  my sister  went  to see it hahahah ğŸ˜â¤â¤â¤â¤
Positive ,Super movieğŸ˜„
Negative ,BS movie. i lost my respect for spielberg. he's the only one who could make proper sequels for this franchise..
Negative ,What were they thinking? I was really disappointed in this one. Movie was boring. I didnt even watch the last 18 minutes of the film.
Positive ,you were absolutly wonderful sara diescthy
Positive ,"Iâ€™m literally crying right now,the Jurassic series was my life,Iâ€™ve watched all the movies through and through seeing it go really hit me hardğŸ˜”."
Positive ,"WOWOW Laura Dern and Sam Neill are in this, this is nostalgia at its finest!"
Negative ,Garbage
Negative ,Bad Movie
Positive ,Great references to bill gates trying to control the world's food supply. They hit the nail on the head with this one.
Negative ,This movie was absolute garbage ğŸ—‘
Negative ,One ugly movie. I watched it because they brought back the actors from the first jurassic park movie. Its nothing compared to it.
Negative ,You know movie sux bad when you dont even download it via pirate
Positive ,This was a masterpiece this was sick
Negative ,worst movie in Jurassic park history
Negative ,"I'm sorry, this is the kind of movie that makes it really hard not to think about how much good 185 million dollars could have done in this world."
Negative ,Same story as the last movie quite bad lol
Positive ,"Just watched it, not disappointing"
Neutral ,Please update Version HD
Negative ,This movie sucked ğŸ‘ What did I watch? Indiana Jones?
Positive ,Fuck the critics. This flik kicks ass
Negative ,Can they stop with the whole âœ‹thing. It's getting very cringey ğŸ¥´
Positive ,Hey Steve Martin is in this?  It's gotta be good.  ğŸ˜‚
Negative ,Almost every scene in this movie was a copy from a scene or scenario in the first movie. I couldn't wait for it to be over. Fell asleep  twice ğŸ˜´
Negative ,Chris Pratt is such a terrible over dramatic actor.He just looks like heâ€™s trying too hard and makes it cringe.
Negative ,I guess JP3 isn't the worse movie out of all of them now seeing as this one exists
Positive ,This brings tears to my eyes tbh because I grew up watching these and this was the last 1â˜¹
Negative ,Hollywood movies are getting worse and worse.  Sure glad i didn't pay to see crap.   Oh none of the actors get eaten just a few extras.
Positive ,This movie was great
Negative ,This movie was straight trash.
Negative ,Just watched thisâ€¦what the hell did I just watch..
Negative ,This movie sucked
Negative ,Bad movie without fantasy dont watch
Positive ,Chris Pratt is greatest green screen actor of our time
Negative ,These new sequels are total dog sh*t
Negative ,Itâ€™s a same old story. Nothing new . Either itâ€™s really boring or I am too old now ğŸ˜‚ğŸ˜‚
Positive ,Amazing scenes...
Positive ,Amazing...
Neutral ,Star lord from the mcu
Neutral ,One of the strangest movies of this year lmao.
Negative ,Bad movie
Positive ,Can't wait to watch it not on Netflix where I can watch it
Positive ,"ğŸ˜ğŸ˜Just watched the movie,, its epic,, I felt like I was in the movie. 5 star for this one.  Excellent"
Negative ,I don't understand why you have ruin this part of movie totally disappointing.The movie is totally opposite then the trailer.
Negative ,Very very bore filmmmm..... ğŸ™ğŸ™ğŸ™
Positive ,"I'm gonna love this , the exiting part was blue got a kid !! ğŸ¤§ğŸ¥°"
Neutral ,Dinosaurs died 66 million years ago but they are alive in the 19s!?
Negative ,Finally got around to watching this as I had low expectations and well yeah â€¦ it was awful ğŸ˜…
Negative ,"I just came to say. That was the worst Jurassic Park movie of them all. How did you do that, I donâ€™t know. I got a sense of relief when i saw the credits."
Negative ,This was horribly awful
Positive ,cool
Negative ,Bit disappointing storyline is bery slow
Positive ,Iâ€™m watching the movie today im excited ğŸ˜Š
Negative ,B rated movie for B rated society.
Positive ,Thursday 25th August 2022. I saw Jurassic Dominion in the Cinema with my friend Isobel Mason and we both loved it! ğŸ’œ Virginia Clark.?! ;) ;( :) ğŸ˜ŠğŸ·ğŸ¶ğŸ¦ŠğŸºğŸ¦•ğŸ¦–.
Positive ,I watched the movie it was amazing!
Negative ,"they need to stop this franchise just like Fast & Furious , it's becoming ridiculous"
Negative ,"After just watching the movie, I would say that some stories are best left extinct."
Neutral ,It's has Tim Cock in this movie.
Negative ,"Well now we have 3 good films (JP, JP2, JW) and 3 terrible ones (JP3, JW2, JW3) can we stop now please."
Positive ,I liked jurassic Park when i was a kid and i still likÃ© it
Negative ,They turned the franchise into a God damn PokÃ©mon movie!
Negative ,Not a good movie that I was expected
Negative ,Worst movie I ever watched
Positive ,Canâ€™t wait for it to start as long as it ainâ€™t on Peacock Premium.
Positive ,Wow - the trailer alone got over 59 million views.
Negative ,"Wtf, woke Hollywood turned a dinosaur movie into a fast and furious finding a little girl plot with a unnatural monster dinosaur with terrible action"
Positive ,i loved this
Positive ,I am truly amazed !!! . Could you all imagine seeing this @ a mega Imax theater not just your regular theater screen ??? OMG or what y'all !!! Lol
Positive ,i like the movie lkit Claw
Negative ,"Iâ€™m not wasting 2 hours of my life,.. Iâ€™ll PASS"
Negative ,Garbage
Negative ,not good at all
Negative ,Sam Neil is a Kiwi... his American accent just sounds wrong
Negative ,"Bought this last night on Amazon Video. And honestly, I want half my money back.. It was only OK.."
Negative ,Jurasic park becoming too fast and furious. Stupid nonsense. A trex can chase a plane.? What a stupid movie
Positive ,BEST MOVIE EVER I DEFINITELY CANT WAIT TILL THEY MAKE ANOTHER PART OF THIS MOVIE IS AMAZING
Negative ,Is it just me or this was the worst jurassic movie ever?
Positive ,I was waiting for this from so long timeee
Negative ,fucked up movie that is it
Negative ,Badest Jurassic Movie EVER!
Negative ,This movie is a piece of Sh!t.
Neutral ,Where's the little Racoon and Tree guy?
Positive ,Already $975 million worldwide at the box-office for this 3rd JW. Could ğŸ¦–ğŸ¦• reach the billion $ before September ? ğŸ‘€
Negative ,"Good lord, the cgi is just becoming ridiculously bad. Lumps of cgi material running around"
Negative ,"Among many issues with this movie, the lighting, in particular, was poorly executed. Not realistic and very inconsistent. Distracting."
Positive ,Saw this movie and wow I really enjoyed it and definitely gonna watch again
Negative ,Horrible bullshit movie... total waste of time
Positive ,"is this the last movie of jurassic world , cause i am a fan of jurassic movie's"
Positive ,This movie is academy award material. Jeff Goldblumâ€™s acting is everything weâ€™ve come to expect.
Positive ,i seen this incredible movie 3 times
Positive ,Say what you want to say about this movie. I will defend it with my life.
Neutral ,girl growing older
Positive ,I enjoyed this movie and the Movie Theatre yesterday.
Negative ,I like my guys how I like the new JP films ; ruined
Negative ,Bad movie and boring. Why all new movies are bad wtf
Negative ,This movie was a insult for everyoneâ€™s childhood
Positive ,"Very empowering, stunning and brave."
Negative ,"Nah, tbh this movie was over-hyped, I mean WAY to over-hyped, and estimated.."
Negative ,"Weak, disappointing movie. Two thumbs down."
Negative ,Fucking boring from start to finish.
Negative ,"This trailer overpromises. There, I said it."
Positive ,I'm so gassed up about to watch for the first time looking sick ğŸ˜
Negative ,Super wrost movie
Negative ,Not bad but full of all the woke messages of today's movies
Positive ,Good ğŸ‘ğŸ‘Œ
Positive ,Good film Well done on the effects and cgi
Neutral ,Didn't this movie already come out years ago?
Positive ,Honestly I have no idea why people hated the movie I loved it.
Negative ,Watched this last night gotta say its not as good as the 1993 one it was that awful i fell asleep through it a couple of times
Positive ,Nice movieâ¤â¤
Positive ,"Laura Dern still looks beautiful at 54, Sam Neill is 74, still looking well for his age, Jeff Goldblum the same, time has been kind to them."
Negative ,most boring movie in all jurrasic parts
Negative ,"They made the trailer look good, them was the only good parts in the whole dam movie so mad I wasted my time and money"
Negative ,Traaassshhhhhhh
Negative ,#NOTE do not waste your money on this boring a** movie they talked for hour and half the whole dam movie
Negative ,This movie hurts more then my dads beatings
Positive ,This saga made my childhood awesome âœŒï¸
Positive ,Definitely better than Jurassic world fallen Kingdom
Negative ,Worst movie I've ever seen. So glad the trilogy is finally over. Maybe the next ones will be in the hands of competent people next time.
Negative ,horrible had to stop watching
Negative ,"4 out of ten at best , seriously disappointed !!"
Negative ,ZZZZZZZZzzzzzzzzzzzzzzzzzzzzzzZZZZZZZZZZZZZZZZZZZZ
Negative ,Feels off. The dinosaurs didn't feel as scary as the older movies. not a lot of chaos
Positive ,Stunning ğŸ˜ğŸ”¥
Positive ,"Yeah,old school actors,i will watch it for this reason."
Negative ,In this case life found a way to f up a franchise
Positive ,"All those dinosaurs and the threat was from giant locust, bit silly but I did enjoy the film"
Negative ,Very bad film. Had to turn it off. Wow
Negative ,"Ah yes, genetically engineered bio weapons to ""accidentally"" reduce the world's population. So glad it's just a movie...I want my 20 bucks back!!"
Positive ,"I'VE GOT JUST ONE WORD FOR THIS MOVIE!... RIVETING,AWSOME, EXCELLENT, A MASTERPIECE!!!! GOOD WHOLESOME FUN!!!!! REALLY A MUST SEE! ACTION PACKED! ğŸ˜ğŸ‘ŒA-OK ğŸ˜ğŸ‘AWSOME â˜†â˜†â˜†â˜†â˜†ğŸ’¯%"
Negative ,"A movie for a long time without benefit, don't like it"
Negative ,The beaded curtains in the plane was the overkill for me....
Negative ,Man this movie really sucks. I wish it was rated R and was more horror
Negative ,This is trash. This whole concept of learning to live with the dinosaurs is super corny. The cgi is terrible and the story is garbage.
Positive ,I saw the movie last night. I really enjoyed it. I thought it was a good send off for the franchise.
Negative ,Trash film.
Negative ,This movie was so bad
Neutral ,Im not a bot
Negative ,well now I feel as though I've watched the movie and it seems bad
Negative ,I hate how this movie was more about humans than it is about dinosaurs. And the ending sucks
Positive ,So cool ğŸ¦–ğŸ¦•ğŸ¦–ğŸ¦•
Negative ,What a pile of crap...They have quite literally 'cut and pasted' all of the scenes from all the previous movies and changed the faces of the actors.
Negative ,Sorry but I didnt like it . IM A JURASSIC FAN JUST I DIDNT LIKE THE STORY OF THIS ONR
Positive ,"This trailer gave me chills, and I wasnâ€™t even alive when the first one came out!!!"
Negative ,lame
Negative ,It couldn't get even more cheese. Will not be seeing this one.
Positive ,Damn this was the best movie probably in the world especially with all of the Ogâ€™s in the last one
Negative ,To be honest I paid $13 to see this movie and if I wouldâ€™ve known ahead of time I was gonna be asleep half the time I wouldâ€™ve stayed my butt at home ğŸ˜­ğŸ™„
Negative ,Terrible..
Negative ,Easily the least impressive movie from the franchise like if you agree
Negative ,"The plot was just terrible. Don't get me wrong, I loved the 1 & 2 movie but this one was just not good."
Positive ,woow its amazing!
Negative ,"save your time, watch first instead"
Negative ,worst jurassic park movie so bad
Negative ,Go woke go broke
Negative ,"CGI hasn't improved in over 10 years. These dinosaurs should look real by now but they dont, hollywood needs to update their software."
Negative ,So many people loved this movie while Iâ€™m sitting here thinking Â«Â did we watch the same movie?Â Â». ğŸ˜­ğŸ¤£.
Positive ,I watched this and the ending is great
Negative ,0/10 wast of time
Neutral ,Mario in to the yoshi island the movie
Negative ,Pure garbage.
Negative ,These are turning into the next fast and furious movies. Absolute trash.
Positive ,It looks excitingğŸ¤”ğŸ‘ğŸ¥³
Negative ,Dumbest film i ever did saw!
Positive ,Kinda good movie
Negative ,Simply awful watched it today. If one removes the dinos from this movie it won't affect much. Dinosaurs were extras in this movie
Negative ,This movie is so badâ€¦.
Negative ,How did this look good to anyone?
Negative ,Probably the worse Jurassic park  movie  !!
Positive ,l saw movie again 4 times did not saw the first trailer and l love it it best movie l ever see of my life.
Negative ,Movie is straight cheeks! Complete waste of time!
Positive ,Can't Wait!
Negative ,JURASSIC WORST - WORLD DISASTER OF A MOVIE. Fixed the title for everyone
Negative ,This movie sucked.
Negative ,terrible movie
Negative ,worst ever! overusing the hand sign when it get popular in previous one.
Negative ,"if this is the best they could do, happy to see the extinction of the Jurassic movies."
Positive ,ITS GRATE JURASSIC WORLD FOREVER!!!!! â¤â¤â¤ I LOVE IT!! â¤â¤
Positive ,N.......I........C.........E       movie
Negative ,Did they learn nothing from the fast and furious franchise? They are more interested in theatrics than the original story line.
Negative ,"It was almost pasable (never good, just pasable) but there were some dinosaurs in my locusts movie."
Positive ,"Movie ainâ€™t a good Jurassic park movie, but I actually kinda liked it."
Positive ,Best Movie Ever In My Opinion No Cap
Negative ,WHAT WERE WITH THE LOCUSTS IN THIS MOVIE DUMB PLOT LINE
Negative ,Stupid movie
Negative ,I think this is the worst Jurassic Park movie ever made. Even Jurassic made in 90s better than this one. Terribly made.
Negative ,(sigh) Itâ€™s another unnecessary sequel. Some people just canâ€™t let go of past glory.
Positive ,"The film was overall very good. It took a bit to get going, but very worthwhile if you stay for the whole thing.  Thanks for making this film.  Quite enjoyable"
Negative ,This movie was the worst thing to happen to dinosaurs since the extinction event 65 million years ago.
Negative ,I would rather go to prison than have to watch this film again. Its god damn awful!!!
Negative ,This movie is American garbage at its finest. I have nothing good to say after watching this. I can't even think of a movie that is more poorly made. its a disaster.
Negative ,"Lazy acting, lazy dinosaur fights and most importantly a lazy story. I love the Jurassic movies since childhood, I was hoping not to be disappointed, but Iâ€™m wrong."
Negative ,predictabel lame and cringyy!!
Negative ,the old one was much much better
Positive ,Jurassic park 1993 and this movie is my favorite all time
Positive ,I watch all jurassic park movies but this movie is very beautiful this movies story is amazing.  Thanks a lot of team to making this movie love u
Negative ,This movie was such a disappointment
Positive ,"I love this movie! If you havenâ€™t seen it yet, I would highly recommend it"
Negative ,Trash ğŸ—‘ï¸
Positive ,"Life, will find a way.so true ğŸ¤—"
Positive ,I hope they're going to make another Jurassic world domination part 3
Negative ,Iâ€™ll never watch this trash movie again
Positive ,I love watching every Jurassic movies
Negative ,Are there enough Dinosaurs of color and LGBTQ+etc  Dinosaurs to please the libs?
Negative ,"What were you thinking, plot is trash acting abysmal (apart from Chris pratt) piece of advice an extreme diversity cast doesn't make the movie magically good.."
Negative ,This movie is fucking trash. Over paid actors running around looking like they directing traffic... pathetic
Positive ,The baby dinosaur is cute so this the one with a long neck
Positive ,Is so cool you should make more Jurassic world movie Universal
Positive ,Cool
Negative ,I love the entire franchise but this movie took a hot pile of shit on it. They even managed to mess up the reunion of the old cast.
Negative ,This sucked. Full woke and a lot of garbage acting.
Negative ,Iâ€™m kind of disappointed. It felt so badly done and the acting was kind of bad too in my opinion :/
Negative ,Workassic park. Good Lord. What a shitty movie.
Positive ,wow allan grant is back
Negative ,The only Jurassic movie from the franchise that I will never watch again. This movie is so boring.
Negative ,Worst one out of the lot - 3/10
Negative ,This movie was an insult to the intelligence of all those that watched it.
Positive ,Watched it tonight ğŸ’ nothing wrong about film its amazing ğŸ’–
Positive ,This is going to be epic and one of the good Jurassic films!
Neutral ,"Life will find a way, but will not find feathers"
Neutral ,Imagine if scientists are able to bring back dinosaurs.
Positive ,Im so excited to see jurassic world and s5 jurassic world camp!! ğŸ˜€ğŸ˜€ğŸ˜€
Negative ,Terrible plot and somewhat bad acting
Negative ,I really hope this is the last Jurassic movie.It sucked balls.
Negative ,this stinks
Positive ,Why does it have to be the end
Negative ,"Did they let Vin Diesel direct this movie? No exaggeration, worst movie Iâ€™ve seen in a few years."
Negative ,This movie sucks so much balls if you think itâ€™s good you have bad taste in movies
Negative ,Is this a movie or a documentary after a hour a swith off
Negative ,such an awful movie. atrocious stuff... shameful that anyone could make such a steaming pile of Dino dung..... this is literally only fit for the bin
Negative ,Why did it feel like a dummed-down version of all the Jurassic movies combined? This is literally the most sleepy movie I've seen...
Negative ,Corny and distinctly average.
Positive ,Hopefully this will be good and not boring and corny.
Negative ,The CGI doesn't look good
Negative ,The silly synth trumpet sound and dino vocalization footage at :26 made me laugh
Negative ,"shit movie, shit acting, shit dinosaurus"
Negative ,This movie was a horrible POS that made a mockery of everything that came before it.
Negative ,Hands down the worst movie of the year I've seen
Negative ,Jurassic World and the second one is exciting but the 3rd one might be so boooring!!
Negative ,I don't want to watch this stupid  movie stop showing up in my feed this movie is trash and it's garbage.
Negative ,This stupid trailer is super misleading
Negative ,This movie is the best of the worst. Cringe from A to Z.
Negative ,Idk I felt like the actors were half  assing their performance in this movie
Negative ,0/10 waste of time it's  a ğŸ—‘ ...
Negative ,This is probably the worst movie I have ever seen. Hard to believe that they messed up every single scene and every single dialogue...
Negative ,"Worst movie of the summer, I should have waited until 2023 to see it free."
Positive ,Me and my class got to see the premire :D
Positive ,I haved see it on 19 June its a good movie
Negative ,wtf is this shit? :D looks like tim coock got some dinosours in postapoccaliptic world :D
Positive ,I love how we still have the old characters from other jurassic worlds and jurassic park
Positive ,I just watched the movie like 5 minutes ago. It was amazing.
Negative ,This episode is really2 dumb all of time bad episode. Pls don't watch it is you will wasting time
Positive ,If you haven't seen the movie I Dominican ram you should go watch it it's very good they bring all the old characters from the first movies
Negative ,Too much excessive computer graphics
Negative ,seriously what did they want to prove with this shit ? like seriously why did i watch this movie lol
Negative ,THIS PART IS MORE A VIDEO GAME THAN A MOVIE .. HORSESHIT
Positive ,Baby of the Blue is so sweet. I like him.ğŸ˜ğŸ˜ğŸ˜
Negative ,"Another worst movie out of the pipeline following nwh, resurrection"
Negative ,Dinosaurs.. in the snow...               what the...
Positive ,I liked it but my only gripe is the girl never faced any punishment for releasing the dinosaurs
Positive ,I could watch this all day!
Negative ,Super flop
Negative ,"The original ""Jurassic Park"" movie was good in 1993 and the last movie in the franchise ""Jurassic World: Dominion"" is going to stink badly in 2022."
Negative ,This movie is an insult to the Jurassic park franchise
Negative ,You're not gonna believe it -- it's much worse than you expect it to be.
Negative ,This Movie Is Not As Good As Jurassic Park Movie
Positive ,masaterpiece!
Negative ,I couldn't believe how bad this move was a complete disappointment
Negative ,Don't waste your time like me.
Negative ,I heard this movie is a pile of dinosaur shit.
Negative ,worst Jurassic movie EVER!!!
Positive ,I watched that movie and guess what yâ€™all I got scared and almost Cried ğŸ¤£ğŸ¤£ğŸ¤£ğŸ¤£
Negative ,Flop!!
Negative ,Nothing like the original film...not even near...
Positive ,What an awesome movie. It gets your heart beating! I watched it in 4DX and it didnâ€™t disappoint ğŸ¿ğŸ˜…
Negative ,I think I inured myself from rolling my eyes so much while watching this movie.
Negative ,"The old farts are back, BUT this time, with MANDATORY black persons near them....what a waste of time was this ""movie"" ğŸ¤®ğŸ’©"
Negative ,this is the worst jurassic movie corny acting trash scenes what else yea weak story nothing new
Negative ,"Turns outâ€¦ this movie was dog shit, worst one of the series."
Positive ,Nice to see a Therizinosaurus in this movie.
Negative ,movie was absolutely garbage
Negative ,What a trash movie. It had so much potential and you just wasted it.
Negative ,"Terrible movie, the worst of all. Acting is very weak."
Negative ,"Shame this film was so shit,"
Negative ,"Gotta be honest, i walked out of that movie, story line was disappointing and also the CGI straight up sucked."
Negative ,bad movie what a waste of time
Positive ,I love this movie I saw it for my birthday.
Positive ,Love the old moves of this the new one is great these people are great actors
Negative ,shit movie
Positive ,Wonderful movie lotsa Dino nice
Negative ,This movie is an insult to the original. Utterly disappointed. â˜¹ï¸
Positive ,Really interesting.  Starts saying its been 30 years.  But no one has aged.  Amazing.
Negative ,They do not know how to make a Jurassic park movie. ğŸ¤¦â€â™‚ï¸
Negative ,Waste. I could of did betterğŸ¤£
Positive ,I canâ€™t wait for this movie
Negative ,Stop making this francise its boring same old plot
Negative ,This movie sucks compared to the ones before
Negative ,Straight up ass movie glad I torrented it
Negative ,"i will never be able to watch this movie in full, because i sleep under normal circumstances"
Negative ,Garbage film
Negative ,Extremely dumbest scene have been shown in this movie ....flop flop flop
Neutral ,I am seeing this in 4d
Negative ,The first Jurassic World still remains the best one sorry this movie kinda let me down a little ğŸ¤·ğŸ½â€â™‚ï¸
Negative ,What crap.. please don't make anymore of these movies. You are ruining the good ones that were made before this garbage
Negative ,Terrible movie
Negative ,Walked out after 33 minutes . BORING!!!! where the wild things are was more exciting! And I'm talking about the book
Negative ,ğŸ™„ğŸ™„ğŸ¥±ğŸ¥±ğŸ¥±ğŸ¥±ğŸ¥±ğŸ¥±ğŸ¥±ğŸ¥± ridiculous move
Negative ,terrible CGI
Negative ,This is not jurassic world it's Locust world
Negative ,This movie was like my job could not wait until it was over way too long
Negative ,The wokegenda manage to get into Jurassic Parkâ€¦ sht ğŸ¤¦ğŸ»â€â™‚ï¸ğŸ˜‚
Negative ,Just saw the MOVIE its HORRIBLE BAD !
Negative ,I made it past the 15 minute mark of this shit show.... dont think ill ever watch the whole thing.... franchise dead as can be
Positive ,Life will find a way .. best dialogue ever
Negative ,The StoryLine was super fake so disappointed why they created this kind of shits n burying the old good ones
Negative ,This movie was stupid I couldnâ€™t even finish watching it way too boring!!
Neutral ,That's for changing it to buy
Positive ,Dr. Lewis Dodgson looks like Tim Cook and  Biosyn look like apple park. so nostalgic.
Positive ,Still had fun despite the rotten tomatoes score. Maybe fast and furious and Jurassic can crossover after 10&11
Negative ,god was this movie terrible
Positive ,This is amazing
Positive ,All these dinosaurs look sick
Negative ,They dropped the ball on this one.....LAME!!!
Positive ,Pure magical that the old actors are here in the last movie but I loved the series as a kid and I loved this movie more than anything ğŸ’œ
Positive ,What a great movie some scenes are just like the old Jurassic Park xx just WOW ğŸ‘Œ
Negative ,please no more
Negative ,The classical background music all over the fking movie killed me.
Negative ,Watched it  -rating: 5/10
Positive ,I loved the trailer and the movie did not disappoint! Sure there were some meh moments but I liked the movie overall. 9/10.
Negative ,Sorry but this is worst so far
Negative ,Very dumb movieâ€¦
Positive ,Well that was good.
Negative ,I TORRENTED IT AND STILL WANT A REFUND
Positive ,nice!
Negative ,"It's sucks, honestly don't bother if you're a fan of the original movie and cast."
Negative ,"It should say ""experience an epicly stupid story""."
Negative ,this must have been written by a a genderless woke ideologist with an underdeveloped brain
Negative ,I like the othet movies much bettet
Negative ,Left at min 40. This movie trash can water in my opinion ğŸ¤·ğŸ»â€â™‚ï¸
Negative ,"Jesus..the most boring,stupid and idiotic movie in the series ! almost felt at sleep !"
Positive ,it is gona a Blockbuster movie
Negative ,Just watched it. The worst jurrassic movie ever.
Positive ,I hv watched it just NW. It's amazing. I love itğŸ˜™
Negative ,Fucking terrible movie.
Positive ,I was very pleased that a gay lesbian theme was added into this dinosaur movie
Negative ,What a shitty Movie is this
Negative ,I was just frowning the entire movie.. from the start it keeps getting worse and worse
Negative ,Chris Pratt seemed soo unmotivated LOL
Positive ,The wait is over
Negative ,"Horrible cast, except the old one and poor story."
Positive ,"Dinosaurs never existed, fam. Richard Owen is a mad scientist for this. ğŸ˜‚ Cool film though. ğŸ™ğŸ¾"
Negative ,Honestly...boring...and too long...drawn out and ...3 yawns.
Negative ,"I love Pratt, but this movie is total trash. Very sad."
Negative ,What a shit movie its not Jurrasic park/world anymore
Negative ,Straight up garbage!
Positive ,non less expected than this.just the way that film shows how great is .
Positive ,This gonna be an epic film ever ğŸ˜
Positive ,I saw the movie and this still gives me chills and goosebumps.
Negative ,Movie is boring af ğŸ˜’
Positive ,"Just saw this film in theater, quite good."
Positive ,Just finished watching this at the movie theaters. LOVED ITTTTTTTTtt
Positive ,2:08 - 2:40 . My favourite part of the trailer
Negative ,What a pile of rethreaded trash
Negative ,First movie Iâ€™ve walked out because itâ€™s so boring
Positive ,Nice movie
Positive ,Just saw the movie and it was awesome!
Positive ,I havenâ€™t watched it but I think itâ€™s a good movie
Positive ,Omg I thought blue died I'm so happy he is backğŸ¤©ğŸ¤©ğŸ˜ƒ
Positive ,Oh my God em so excited the old cast with the new one!!!!
Negative ,The story was very disapointed
Negative ,Movie sucked balls barely had anything to do with dinosaurs.
Negative  , Looks horribly mid
Positive ,Good movie but the melanated girls character was a little over board with her choice of words linking her to someone who grew up in â€œ the hood â€œ
Negative ,"Worst movie ever . Complete bullshit, it's basically the first movie all over again . Little to no effort put into the script or new scenes"
Negative ,so many different plots you could have taken just WHY WHY WHY HOLY SHUTSDRG MER YNJKsdrfgbJsedrgbhjGHUIr huip;
Positive ,Dr. Grant has his beard! ğŸ§¬ Love to see Dr. Malcolm is back! ğŸ§®
Negative ,This movie was so boring i wanted to walk out of the theater but i already had paid ğŸ¥²
Positive ,Love this
Positive ,My childhood and this movie â¤ï¸
Negative ,"Donâ€™t watch it, it was so boring I had to walk out."
Positive ,omg gigannotosaurus
Positive ,Dilophosaurus is back!
Positive ,I watched it in my birthday June 28 and it is my favorite movie of all time! Loved the old cast!
Positive ,"My favorite part was when Owen dressed up like peter quill and jumped out of a plane while yelling "" it's morbin Time"""
Negative ,Garbage film.
Positive ,Sam Neil started it all. Back to finish it.. LOVE IT
Positive ,this looks  incredible!
Negative ,bad movie
Positive ,"This movie was awesome. It had issues, but it was still damn fun Alright. Rotten Tomatoes don't know jack sh*t."
Negative ,this will be dogshit
Positive ,This movie was great!
Positive ,You guys have to make more movies they are og
Positive ,so this is the jurassic world end game...cant wait to see it
Positive ,I liked this movie
Negative ,crap
Positive ,This is so cool!!ğŸ˜„
Positive ,Just watched the movie today! It did not disappoint. Well done.
Neutral ,What Day is Jurassic world Dominion coming on HBO max
Negative ,"Dude this movie sucked ! Pointless storyline, hollow characters, ridiculous dialog, cliches all over the place. This whole trilogy is crap"
Positive ,Loved the movie! ğŸ¿ ğŸ¦• ğŸ¦– ğŸ¿ My kiddo enjoyed himself ğŸ–¤ thank you. && itâ€™s [[ amazing ]] that the whole crew came back and some scenes were recreated! LğŸ–¤VED.
Negative ,"Let this franchise die already, milking it makes it worse. JP1, 2 and 3 remain to be the best Jurassic park movies."
Positive ,"Now thats a trailer, didn't give too much away showed just enough, well done."
Negative ,"The whole movie just looks like a videogame, sorry. Too much cgi."
Positive ,Is that flying pterosaur that attacks the plane  Quetzalcoatlus??!! That would awesome â¤ï¸
Positive ,That's my favorite movie
Positive ,Plz make more jrassic world movies you guys are better then any movies ever
Positive ,trailer is so well done though. love it
Positive ,Asome movie I watched it in 4DX it was amazing must say the younger people will love it
Negative ,What a pile of
Negative ,"I wish they would kill off this franchise, Hollywood still milking the same garbage over n over"
Positive ,Goodbye jurassic world the last film ğŸ˜­ğŸ˜­ğŸ˜­ i watch it it was so good but this is the last movie of jurassic world  Welcome to jurassic park ğŸ¦–
Negative ,More Hollywood garbage!
Negative ,"They say ""epic conclusion"" like this franchise is ever going to end."
Negative ,Trash.
Positive ,"Most fun 4DX experience I've had so far, and gonna be really hard to top! ğŸ˜"
Negative ,This movie sucked and is targeted for chinese markets
Positive ,Yes! Dinosaurs with feathers! It's worth seeing in theatres just for that reason alone.
Positive ,This was my childhood great seeing it back man
Negative ,This was their worst one.
Negative ,"DONâ€™T spend your money or time to watch this, is a total waste of time"
Positive ,so cool i wish the nice dinosaurs were still alive so i am watching it at the movie theater i love the first one
Positive ,"It's cool that there adding new dinosaurs, sad to see that the Dilophosaurus is made to look that way"
Negative ,Really milking it.
Negative ,"film was rubbish , worst in franchise . trailer built it up"
Negative ,Movie is trash
Positive ,Lookin good
Positive ,Bruh this tralier is so good and it was also a good movie for me it was SICK!
Negative ,OK I went to cinema to watch and guys this movie is sooooooo bad half of audience go out in first hour
Positive ,BEST EVER
Neutral ,is this the last movie?
Positive ,My son loves this!
Negative ,wtf
Negative ,Yawnnnnnnnnnnnnnnnn
Negative ,The movie was pure ass.
Negative ,Worst movie ğŸ˜‚
Negative ,This movie was shit!
Neutral ,Seeing this from india
Negative ,We just left the theatre 20 mins after the interval......we all felt sleepy the whole time..... Jurassic park is no more crazy nowğŸ˜•
Negative ,"Terrible! kids movie, stupid, soap ."
Negative ,The movie was bad ğŸ‘ğŸ»
Positive ,I liked the part where Owen grady distracts the T rex with a dance off
Neutral ,Is this the prequel to a real monster hunter world movie?
Negative ,"#Imo One thing that ruin this whole franchise is the take to emerging the human clone, like wtf they were into right now"
Negative ,Way too much FORCED diversity it makes the movie kinda silly...
Negative ,Behold the worst movie ever made
Positive ,BestğŸ‘ 5 â­â­â­â­â­
Neutral ,I was here because of ads! 
Positive ,I really recommend watching this movie! Its so good
Positive ,Very nice movie i love this movie so much
Negative ,"Not 1 active braincell was used, during the script writing of this movie."
Negative ,I think I have to accept that Jurassic World films are for kids and stop hoping for a tense Jurassic Park movie
Negative ,The dinasoars are secondary in their own film that just sums up this shit bomb of a film
Neutral ,Where's Lexi and Tim?
Positive ,I thought he movie was awful. Don't let the dark theme of this trailer fool you into thinking you're going to watch an epic finale with a good plot
Positive ,The movie it's good
Positive ,I love how they gatherd all up;) Some if the people are from the first Jurassic world! But it is sad this is. The last Jurassic world
Positive ,I like the movie
Negative ,please don't spend your money watching this it's garbage
Negative ,boring ass movie
Neutral ,Physics my friend physics
Positive ,Itâ€™s so cool seeing Ellie Alan and Malcom again
Negative ,Movie sucked if I wanted to watch a bunch of humans talking I would of watched espn first take
Negative ,Havenâ€™t seen it but sounds like my initial hunch was correct- â€œa movie written by idiots for idiotsâ€
Negative ,Worst movie Iâ€™ve seen this year
Negative ,People should get paid to go watch this dumpster fire as a form of torture. What a load of crap!
Negative ,"Not so good movie, at least they don't bring back that vegan teacher crush in jurassic park 2"
Negative ,"Out of all JP and JW movie, Dominion is the most BORING and POINTLESS movie in the franchise."
Negative ,An absolute trainwreck of the highest order.
Negative ,This movie sucks I watched it yesterday
Negative ,Just watch this movie yesterday. Not really good tbh
Negative ,This movie sucked
Positive ,This is beautiful
Positive ,What a great movie and conclusion. I enjoyed it
Negative ,One of the worst movies I've ever sat through
Negative ,I swear 99% of AAA movies being released nowadays are a waste of life
Positive ,awesome film
Negative ,This film is so insulting
Positive ,"Just watched the movie today. I liked it alot even though i've never watched a jurassic world movie, A strong 9/10 from me."
Positive ,This movie was fun to watch.
Positive ,I watched the movie with my girlfriend and we loved it but we were hoping that there was going to be more movies
Negative ,Iâ€™m telling you now this movie is bullshit no story no dinasaur just a waste
Neutral ,I wish they brought back the spinosaurus
Negative ,That is one big pile of shit
Neutral ,So does guns not exist in this world?
Positive ,This trailer is better than the latest Dr Strange movie.
Positive ,i just saw the movie and i have to say that BRYCE DALLAS HOWARD KILLED THIS MOVIE!!!!! SHEâ€™S FUCKING AMAZING
Positive ,"Saw it last night, Amazing movie! ignore the stupid critics with crap media studies degree's haven't got a clue what they are on about!!!"
Positive ,these fanfiction films really look impressive these days!
Negative ,They absolutely destroyed this movie. Dont waste ur money
Positive ,I saw it the movie it was good and ok
Neutral ,Dinosaurs in winter ????
Positive ,Can't keep CALM
Positive ,This movie was really good ğŸ‘ ğŸ‘
Neutral ,We live in a society
Positive ,"I saw this on the day it came out. It was damn good, fuck what other people think"
Positive ,This movie was a lot better than I expected it to be. Especially because the second one sucked
Positive ,This is sick
Positive ,Love the old cast coming back BUT I really would love to see Ariana Richards and Joseph Mazzello all grown up some 30 years later.
Positive ,Iâ€™ve just been to watch this in cinemas imax screen.My favourite Jurassic world and Jurassic park movie
Positive ,"Just went back from watched the movie, IT WAS AMAZING!! Honestly it was well served, entertaining, and loved the old cast back to the movie. Love it"
Neutral ,Is this the last movie???
Neutral ,is that ark theme?
Positive ,amazinggg moviee must watch
Positive ,"words can't describe my excitement when i saw alan, ellie, and malcom back"
Positive ,Nice
Positive ,thumbs up emoji x8
Neutral ,What is this movie rated?
Positive ,this is a good movie i watched it today it is GOOD TO SEE OLD CAST
Negative ,It's sad how dumb new movies are.
Negative ,Looks really dumb.
Neutral ,Bitcoin buy ok
Positive ,This moive was so good!
Neutral ,I remember when virtually every dinosaur was a threat in some way
Negative ,"In 90s, Jurassic Park was scary horror movie Now its for children only"
Positive ,Nice
Positive ,see about 3 times really good movie
Positive ,So proud this was partially film in my country Malta ğŸ¥°ğŸ¥°. Going to watch it 3D tonight :)
Positive ,Sick
Positive ,long neck dinosaur voice so amazing
Negative ,This movie sucks ass. CG is so so bad. I feel like I was tricked into this movie by fake reviews.
Positive ,Holy Shiiii!!!! Looks amazing
Positive ,It's better than jurassic park... Haha #stop_hating_JWD
Negative ,absolutely stupid. no words
Positive ,Watched. Really nice. To me its the best among the 3
Positive ,I loved it! It's really good when there are no boomers/critics yelling otherwise
Neutral ,"Whats next,raptors on mars."
Positive ,"The story was pretty weak but the movie itself was enjoyable, even if it was a tad predictable, it still had itâ€™s moments. Iâ€™d recommend it. I"
Positive ,I saw and it was so good
Negative ,SO BAD AHAHAHAHAHAHAHAHA
Positive ,SLAY
Positive ,I LOVE JURASSIC WORLD/PARK
Neutral ,To think that it all started with a little mosquito trapped in an amber
Positive ,Amazing
Positive ,"No matter what bad critics for this episode, i still love Jurassic World anyway. â¤â¤â¤"
Neutral ,looks average
Neutral ,Legends say that Dr. Grant still have those eggs
Positive ,Fantastic movie ğŸ˜
Positive ,I watched this in the theaters and it was amazing!!
Negative ,Boringgg same plot always
Positive ,"The addition Of Jeff, Sam, and Laura just perfects this movie"
Neutral ,Spidermen got reunited
Negative ,Worst film ive ever seen
Positive ,Movie was good and old characters remember me when I was child and thay were playing young roles â¤ï¸ğŸ˜Š
Positive ,the movie was amazing
Negative ,Felt like getting a refund after watching this movie in the theater
Negative ,Stupid ass movie boring as fuck
Positive ,Loved how the 2 story lines became one.  Needed more Chris Pratt.
Positive ,I watched the movie yesterday. SUCH A GREAT MOVIE!! THE OLD CAST DID AN AMAZING JOB!!
Negative ,Pretty boring and too long
Positive ,"alan , finally â¤ğŸ”¥ğŸ˜ğŸ˜"
Positive ,Was worth watching the Movie
Negative ,"shit movie, shit acting, shit dinosaurus"
Positive ,I have seen the whole thing at the movies I love it so much that I am look at it again
Positive ,This is the best. Can't wait to watch with my kids
Positive ,Im in love with all Jurassic Park movies â¤
Positive ,Awsmmmm
Positive ,Back to this masterpiece for the 100th time love Jurassic since young - Jun 2022
Neutral ,The us and the world should find a way to bring back Dino's I should love to live with Dino's
Positive ,Wow this looks super amazing I havenâ€™t saw anything like this since no way home and endgame
Positive ,i like this
Positive ,damn this movie is kinda exciting ngl
Positive ,Truly excited for this movieğŸ’¯â¤
Positive ,Amazing
Positive ,The original cast has returned. Thats so sick. I cant wait for this next month!
Positive ,My favorite movie !! And the baby Raptor is so cute !
Positive ,nostalgic and epic
Positive ,This one I need to watch!
Positive ,"Canâ€™t wait to see this, super excitedğŸ¥°"
Positive ,Omg I really want to see this movie especially since the cast from Jurassic park are returning
Positive ,Cool Movie ...
Positive ,"I love this film, been watching since i was younger...."
Positive ,screaming sm
Positive ,I wish I could experience watching this trailer for the first time again
Positive ,This is going to be awesome!
Positive ,The best movie I know it
Positive ,Wooooooooooooow fantastic
Positive ,Omg this looks amazing
Positive ,"Outstanding, incredible movie"
Negative ,"Wife forced me to see this and as I expected, it is garbage."
Positive ,This looks really good ğŸ‘ğŸ»
Positive ,i watched it a while a go great movie
Positive ,I liked this film more better than the first two Jurassic World movies.
Negative ,Worst movie ever
Positive ,i really like this movie
Positive ,Watching it now not bad ğŸ‘
Negative ,One of the worst films Iâ€™ve ever seen
Neutral ,When's Jurassic World Dominion Full Movie?
Positive ,It was a coo movie. Not like the last 2 Jurassic worlds. Solid 7/10
Negative ,WORST JURASSIC WORLD
Negative ,Do not go watch this. It is terrible.
Positive ,Gathering all characters from each movie is just insane am rly looking forward to watch this in full HD!
Negative ,This was soooo terrible
Negative ,Yeah it sucked
Positive ,"Loved the movie regardless of what critics say! Gotta love the OG crew and new Dinoâ€™s, I would watch it again!!!"
Positive ,Looks good
Negative ,So bad. I left halfway through the movie. So ğŸ—‘
Negative ,this is the worst movie of Jurassic Park/world seriesğŸ˜¡
Negative ,This movie sucked pretty bad. They should be ashamed
Positive ,i really hope its not the end for this franchise ğŸ¥²
Positive ,Nice movie ğŸ‘
Positive ,A great moviee!!
Positive ,I like this one !
Positive ,"Can't wait for this movie, I'm so glad the actor have reunion"
Positive ,I'm not crying you are crying ğŸ˜­
Positive ,Saw the movie today. Absolutely beautiful movie
Positive ,One thing I'll say about the film is it's definitely better than Fallen Kingdom
Positive ,Blues baby is so cute
Positive ,Good movie just watched it today
Neutral ,Why does he wave hand?
Positive ,Loved being an extra in this film doing the lecture scene with Jeff Goldblum ill never forget it ! :-)
Positive ,So cool Trailer
Neutral ,Seen the movie yesterday
Positive ,Super Awesome .. I really wana see this the old cast is back !
Negative ,No good movie
Positive ,I Like This Trailer â¤ï¸ğŸ’™ğŸ’œ
Positive ,More than expected ğŸ˜­
Positive ,"ive literally just got out of the cinema after watching it and... I LOVED IT! i think its a brilliant end to the series, i would definitley recommend it. the action scenes are amazing."
Negative ,This movie is shit. Saw it last night. Awful
Positive ,I am so hyped for this movie although really sad to be the last oneğŸ˜¢ . But it is nice seeung the old cast all back
Positive ,I love quetzalcoatlus
Positive  ,0:27 owowo owowowowwww www 0:44 AGAIN MORE owowowowowowowoww
Positive ,nice
Positive ,"Honestly it's the best of the new movies, it would've been pretty good without these 3 but they made it, great film"
Positive ,People keep complaining about the story well they just gave us a great jam packed dino action film... Are you not entertained? ğŸ˜ Haha
Neutral ,Is that the final movie for the dinos
Positive ,I loved the movie so so so much. Owen Grady has always been my FAVOURITE â™¥ï¸â™¥ï¸â™¥ï¸ he looked so handsome in the movieâ€¦â€¦â€¦â€¦i am screaming
Positive ,Just watched it and all I can say is ICONIC!ğŸ‘ğŸ½ğŸ’¯
Positive ,#stop_hating_JWD
Neutral ,Its not mine
Negative ,This movie is gave me terminal cancer
Positive ,Canâ€™t wait to watch this today in the afternoon
Neutral ,I'm about to watch this movie for the first time
Positive ,This movie is good I seen it
Neutral ,I'm in ciname now waiting for it to start
Positive ,bruh i already watched it it was cool plz watch plz bye
Positive ,"I haven't seen any of the Jurassic World films, but I really love all the shots of dinosaurs against the world's landscapes."
Neutral ,Arriving in a helicopter over a fantastic landscape clich
Positive ,Congrats on making a ton of money. Well deserved. More than 140 million dollars opening weekend domestically
Negative ,This looks like another flop...
Positive ,Iâ€™m so ready for this
Negative ,Same old same old with these movies.
Neutral ,WHERES JOE MAZZELLO?!?!?!!?!
Negative ,worst movie i have ever seen lol. ruined my birthday.
Positive ,I cant wait to see this movie!!! ğŸ˜€ğŸ˜€ğŸ˜€
Negative ,"This shit movie , I would like to get the refund"
Neutral ,The last one is a spinosaur Or giganatosaurus?
Positive ,OMGGG I LOVE ITTT!!!ğŸ˜ğŸ˜ğŸ˜ğŸ¥°ğŸ¥°
Negative ,That movie Destroyed Me
Positive ,Can't wait!!! This is going to be BIG!!!
Positive ,Very excited! I love the Jurassic Park and Jurassic World movies!
Positive ,This  is my favourite movie
Positive ,looks so goooood
Neutral ,Thought this was the first trailer
Positive ,Holy shit the original cast !!!!! I am so ready for this movie .
Neutral ,Guns lots of guns ??
Positive ,It is so good
Positive ,Finally someone with feathers
Positive ,I canâ€™t wait to see Jurassic World Dominion
Positive ,I will love this movie!
Neutral ,Why don't they have Chris Pratt riding a velociraptor in this movie?
Positive ,I can't wait
Neutral ,What if the bring back spino after 20 years
Positive ,"I Will watching, i must watching!!! I missed blue!!!!"
Positive ,The trailer is so good.
Positive ,the computer animation for dinios is amazing
Positive ,Was waiting for this forever
Positive ,Icant wait for this
Neutral ,Average movie.
Neutral ,I already watch it yesterday
Positive ,"Movie honestly wasn't that bad. Old cast saved it quite a bit and it had it's moments. If people had to walk out on this movie, that's their own fault x,D"
Neutral ,I'm watching this movie tonight
Positive ,I don't care about others review. i was waiting for this movie since a year !!!
Positive ,I watched the movie ğŸ¿ ğŸ¥ at cinema it was great ğŸ‘
Negative ,Audience were leaving halfway in my theatre
Positive ,Glad to see weâ€™re gonna see the old Jurassic park gang in this film.
Negative ,Epic conclusion was not at all epic.
Neutral ,6.5 million years ago dinosaurs died
Neutral ,Guys here's the script for the movie Read more
Positive ,I'm excited.
Positive ,ONLY 58 DAYS BOIIIIğŸ˜ğŸ‘ğŸ’™
Neutral ,I wonder if Vin Diesel will be in the next one
Positive ,OMG THIS IS REAL RIGHT NOW I LOVE JURASSIC WORLD ğŸ˜†ğŸ˜†ğŸ˜†ğŸ˜…ğŸ˜„ğŸ˜ƒğŸ˜ğŸ˜„ğŸ†‘
Positive ,I'm definitely gonna watch this movie in theatre..
Neutral ,Is it good??
Neutral ,Reptiles living in the snow
Positive ,I am wating for this movie.
Neutral ,Is Chris gonna throw his talking hat at these dinosaurs and possess their bodies
Positive ,I love this movie I donâ€™t understand all the hate thatâ€™s been going on social media
Positive ,iâ€™m going to see it in 4 hours itâ€™s looks so good!
Negative ,I watch this movie today and it was awful
Positive ,"I. CAN'T. WAIT. So close, it's so close now! Cryy"
Neutral ,Is that a gigantosaurs??
Positive ,I am overwhelmed with nostalgia feels right now. The child in me is squealing with unparalleled delight. Bring on summer!!
Positive ,epic
Positive ,This is a must see movie.
Positive ,"Awww... is that Blue and her kid??? So adorable!!! I miss you, Blue.."
Positive ,I don't understand the movie but this is amazing I watch the movie
Neutral ,Jesus Christ loves you
Positive ,Who is still here after watching the movie? It was good in my opinion
Positive ,It's better than what I thought.
Positive ,"Chills, literal chills, all the hairs on my body give the standing ovation."
Neutral ,Can someone please have Pyroraptor ??and Baby Blue ??perform the Sacred Marriage? ????????
Positive ,Iâ€™m so exited to see the whole thing this is probobly gonna be the best movie they ever made!
Positive ,This seems promising. Crosses fingers
Neutral ,Did you know that it's coming on peacock
Positive ,I canâ€™t wait to go see this movie this summer ğŸ˜ğŸ˜ğŸ˜
Positive ,OMG bruh the nostalgiağŸ˜. I canâ€™t wait to see it!!!!!!!!
Positive ,Can't wait!! Can't wait!! Can't wait!! ğŸ˜­ğŸ˜­
Neutral ,Blue had a baby!
Positive ,Im going to scream when i walk in the theatres to see this!
Neutral ,Let's wait and watch
Positive ,Canâ€™t wait
Positive ,BABY BLUE LES GOOOO!!!!
Positive ,I love blue!
Positive ,I HAVE TO SEE THIS MOVIE.
Positive ,"so cool, I'm really looking forward to it"
Positive ,Wow
Neutral ,Name of the song playing
Positive ,YES!! SAM NEiLL iS BACK!!
Neutral ,Dinosaurs are better in jungle
Positive ,Wow this looks like an amazing fun incredible hot mess and I canâ€™t wait to see it ğŸ˜
Neutral ,How many time we gonna see Chris Pratt on a bike or holding his hands up
Positive ,Im so excited
Positive ,So excited it brought me to tears
Positive ,Insanely magicalğŸ˜Œ
Neutral ,When will this release?
Positive ,FINALYYYYYYYYYYYYYYYYYYYYYYYYYYYYYYYYYYYYYYYYYYYYY ğŸ¦–ğŸ¦•
Positive ,Just BEAUTIFUL
Neutral ,The guy look like from marvel
Positive ,What an amazing experience it has been with this franchise since my childhood...first day first show
Negative ,This movie so boring the old one even better
Neutral ,"Watched it 2 hours ago, it was ok. ??"
Positive ,Best movie i have ever watched
Negative ,lol waste of money
Negative ,"Horrible movie, complete disgrace to the trilogy"
Positive ,Seen this love it in 3D. Canâ€™t wayyo see it again on tv
Neutral ,did they kidnap the firl
Positive ,I saw it last night I loved it.
Neutral ,should i watching this??
Positive ,"The movie wasnâ€™t that bad. Kind of boring, weird plot, but not all that bad."
Neutral ,People now can take these as Pet in home
Positive ,it was soooooooooooo good
Positive ,"Who knew Amazing Spiderman dad is a main villian lmao ğŸ˜‚  just watch it, it a good movie"
Positive ,Saw the movie last night it's the best one yet
Neutral ,baby's name is beta.
Positive ,I wish we could just have one more. Realizing this is the last one itâ€™s made me cry
Positive ,Love to see all of them together once again â¤â¤â¤ğŸ‘ğŸ˜ğŸ¤
Positive ,"Well, I finally got to see Jurassic World Dominion and I quite enjoyed it myself."
Neutral ,My man is scootering while dinos are around
Positive ,Went and seen the first one as a kid in the theater and now i will see the last one
Positive , Looks incredible
Positive ,awesome
Positive ,Can't Wait!!!!
Positive ,Can't wait
Positive ,CAN'T WAIT FOR THIS MOVIE
Negative ,Looks to be horse shit
Positive ,I get chills with blue and her baby
Positive ,i like the feathered raptor
Positive ,CONGRATS ON 50M VIEWS
Neutral ,How a cold blooded creature could adapt to cold?
Positive ,Can't wait to wait to see this ğŸ”¥ğŸ”¥ Looks absolutely EPIC!
Negative ,This movie sucked so bad.
Negative ,its awful
Positive ,Canâ€™t wait for this
Neutral ,Wonder if the grandkids will be in it.
Negative ,"Here after seeing the movie, & it was garbage"
Positive ,This movie was great
Neutral ,Where's the government?
Positive ,Looks wack ğŸ™„
Neutral ,looks like Erik from x men
Neutral ,I think that girl looks a little like Emily Vancamp
Negative ,Not gonna lie but this is one of those reasons why Korean movies are better than Hollywood these days
Neutral ,"How many times we had heard them saying "" Run"" ."
Positive ,Great movie
Negative ,worst movie out of all the jurassic world movies. 3/10
Positive ,1:58 is my favorite scene from the trailer
Positive ,Watched the movie in theatre and loved every second of it
Negative ,"Terrible film, I think the good reviews are bots."
Negative ,"Lack of emotion, flat plot and story..."
Positive ,THE BEST MOVIE EVER SO THRILLING
Neutral ,1:56 FNAF LORE?
Negative ,A Really bad movie
Positive ,Wow nice everyone is back
Neutral ,"Jurassic World 3: Dominion will arrive on DVD and Blu-Ray Disc on Tuesday, August 16th, 2022."
Neutral ,New Film
Positive ,Super duper excited
Neutral ,Find baby blue
Neutral ,Bring this to Netflix
Positive ,I watched this movie in a movie Theater you guys should watch it it's really good
Positive ,bro i saw this shit yesterday all i got to say is well done on a success ive loved this franchise since i was a kid and only got better over the years and this is a perfect finish for the franchise
Positive ,"Great visuals, cinematography is class apart and awesome cast! Though slow paced and sound work taking back seat a little, nostalgic for sure and concept was a great!"
Neutral ,Is this OK to watch for 5 years old?
Positive ,I guess Goldblum's last line was only for the trailer or a deleted scene. I actually looked for it when watching the movie. Good finale for the franchise
Neutral ,Lets see what it turns out
Positive ,"Going to see it today, looking forward to it, and it sure looks like it wonâ€™t disappoint"
Negative ,Movie sucked if I wanted to watch a bunch of humans talking I would of watched espn first take
Negative ,Haven't seen it but sounds like my initial hunch was correct-a movie written by idiots for idiots
Negative ,Worst movie I've seen this year
Neutral ,"I bet thousands years ago, humans had even pet the dinosaurs."
Positive ,Its a Good movie
Negative ,boring.. remakes after remakes after remakes.. doesn't hollywood have anymore ideas?
Negative ,I don't like it. Dinosaurus seem so fake with computer! I prefer when they used robots in the first Jurassic Park
Negative ,Garbage
Positive ,Amazing movie. Don't believe those stupid reviews. I just came out of the cinema. Wonderful.
Negative ,Boring ass movie i fell asleep....That should tell you everything.
Positive ,most successful movies in my opinion
Negative ,"Really bad- Way too long, too many characters, dumb plot. Just plain bad."
Negative ,Pretty boring and too long
Negative ,Bullshit storyline
Neutral ,Seeing this!
Positive ,Awesome trailer waiting for it and kgf chapter 2.
Positive ,My most anticipated movie in 2022ğŸ”¥ğŸ”¥ğŸ¤©ğŸ¤©ğŸ¥³ğŸ’¥ğŸ‰
Neutral ,"Before the movie comes out, I vote we name Blue's baby Blue Jr. Anyone with me?"
Positive ,Everybody saying the movie was trash but honestly it wasnâ€™t too me
Neutral ,"I wonder if the release dates of some places are correct, one of them said 2 June, another 3 or 4 June"
Positive ,Wowwww we getting the old cast bet
Negative ,What a disappointment:(
Neutral ,How do you know if this is not a real world
Positive ,My 2nd favorite Jurassic movie. My favorite favorite is the third JP
Negative ,"Watched it last night & ngl, it was horrible... ğŸ¤¦ğŸ»"
Negative ,This movie is going to flop Soo hard
Neutral ,is that a Giga in the end ?
Positive ,Yessss
Positive ,This movie is gonna be amazing
Neutral ,Are there english subs fr this movie...?? Anybody.... Tell me ?
Negative ,Looks absolutely awful. So many cliches.
Positive ,I saw it today! Awesome! I'm going to go see it again while it's still in the theatre.
Neutral ,Can we watch this movie without watching any jurassic movies?!
Negative ,Movie is horrible and boring.
Positive ,I just went to see this. It was actually good. Ignore the haters
Negative ,Such a bad film l fall sleep while watching it
Neutral ,What kind of dinosaur is that
Positive ,I saw it yesterday and that was a damn banger i lot of ref from past movies i loved it.
Neutral ,Is this gonna be the last movie?
Positive ,Loved it broo
Positive , Looks like an amazing movie. Excellent minds.!
Neutral ,So does guns not exist in this world?
Positive ,Cool man
Negative ,that is one big pile of shit
Negative ,Movie is complete trash boring and long for no reason
Neutral ,Where can I watch this? Besides on a cinema
Negative ,Not worth the moneyâ€¦
Negative ,This is a terrible movie. Let this poor franchise die in peace.
Negative ,Universal Evil
Neutral ,Reptiles in the snow?
Positive ,We're glad to see these Movies and Sequels. It's golden era of Cinema.
Negative ,Very bad movie...I hate this
Negative ,honestly a 6/10 movie
Negative ,"Boring, bad storyline..."
Positive ,"Pretty good t-rex gets to fight giga, blue comes back, and dinosaurs are here!"
Positive ,See it in Dolby YOU WILL NOT REGRET IT ...felt like a Universal Studios attraction
Negative ,I had high hopes that this movie would be good but I was disappointed :(
Neutral ,Can you add the megalodon shark
Positive ,Can't Wait To Watch Bryce & Pratt Again One Last Time!
Neutral ,Lots of guns?
Positive ,The EPIC Conclusion Coming This Summer HYPED
Negative ,Saw it today...omfg..how it was able to be worse than the last film which was a shitshow is beyond me but it was
Negative ,Just saw this worse one out of the whole franchise
Negative ,"If we comparing this one to the previous ones ,,, its the Worsttttttt between them ğŸ’”"
Negative ,This film was awful
Neutral ,Has anyone already seen this movie?
Negative ,"This film was so bad, i almost had a seizure. True story"
Neutral ,Average??
Neutral ,what is the dinosaur name
Positive ,"OMG .... just watched it, get ready to move a lot  in your seat. I feel like this was one of the best."
Negative ,The CGI looks like a downgrade to its predecessors ğŸ˜¢
Negative ,omg this is SHIT
Positive ,#stop_hating_JWD
Negative ,The film was horrible smh and I love the Jurassic franchise
Negative ,Was not impressed sadly as per previous.
Negative ,"Thankfully the last part, too many dinos. Storyline very poor"
Positive ,ğŸ˜®ğŸ˜®ğŸ˜®ğŸ˜®ğŸ˜®ğŸ˜®ğŸ˜®ğŸ˜®ğŸ˜®ğŸ˜®ğŸ˜®Everybodys There!!!!!!!!!SCREEEEEEEEEEMğŸ˜
Neutral ,Seagulls are since dinosaur age the arctic char came from a dinosaur and fossil fuel is from dinosaurs
Negative ,"Never seen so many people keep constantly checking their time on the phones just to walk out of the theatre before, and then there's this movie"
Positive ,Cant wait to go watch it!
Negative ,Worst movie ever was looking forward to it the dinos looked fake and animated rate the movie 2/10
Neutral ,Watched it
Positive ,It so beautiful ğŸ¥ºâ¤ï¸
Negative ,the movie was ass.
Negative ,Save the money. Saw this and it was a stinker. In the end dinosaurs all live happily ever after? Hahahahaha.
Positive ,worth watching it....i personally loved it. Actions in this movie are fucking incredible you're gonna just love itğŸ–¤
Positive ,So exited
Neutral ,Can someone please have Pyroraptor ??and Baby Blue ??perform the Sacred Marriage? ????????
Neutral ,A feathered dinosaur in a movie
Positive ,"Awesome movie! 100% the best of the series! Go watch it! The critics hate action movies, so they will hate this too."
Negative ,"No new movie can beat the first three, as nowadays movies are made to maximize profits not to be good movies"
Negative ,Movie was trash ğŸ—‘
Neutral ,Why does he wave his hand like that is he some kind of Jedi?
Negative ,sh*t movie
Negative ,booooorrrinnnnnggggggggg movie! lack of story!
Negative ,We are asking Jurassic park not Jurassic city......ğŸ¤¦ğŸ¤¦ğŸ¤¦
Negative ,No Jurassic movie has come close to the first
Negative ,"First one was good movie, these sequels seem to go down to drain."
Negative ,"im gonna have too sir thru this yall, my wife is a fan... God, this is gonna hurt."
Neutral ,For a second there; I thought it was shaunte' massard from darr man.
Negative ,1/10 movie lol waste of money
Neutral ,Somebody know what is the song in background ?
Negative ,I just want to know who made this movie. Iâ€™m very disappointed.
Negative ,Yawn !
Negative ,Pretty annoying in theatresâ€¦. Every scene has like loud music lol literally
Negative ,This movie was trash. Soo bad that ppl walked out or fell asleep. Even super high I found it terrible
Negative ,"Garbage movie., dont waste ur money n time"
Neutral ,How many times can a character escape death in a single trailer?
Positive ,I wonâ€™t miss this one no matter what
Negative ,misleading
Positive ,"Very sad that this will be the last one, but the trailer looks fantastic"
Positive ,omg can't wait to see this movie epic
Negative ,This movie is gave me terminal cancer
Neutral ,is this the last JP movie ?
Positive ,Iâ€™ve waited too long!!!! I cannot wait to see this!!!
Positive ,Omg cant wait to see this movie its going to be so gooooood ğŸ˜
Positive ,this easily looks the best of the new trilogy
Negative ,"if I find director of this movie, I will slap"
Negative ,This movie sucked jp3 is actually better
Neutral ,so so
Positive ,Wow â¤ï¸ğŸ˜€
Positive ,can't express how much I have loved this franchise. wish could see this movie on big screen
Neutral ,"Funny you don't see any Mammoths in these films, because we can clone them in real life unlike dinosaurs."
Positive ,i feel like i'm that kid again first seeing JP1. So exciting to see this epic conclusion to all of it.
Positive ,Awsome
Negative ,This film was Corny......
Negative ,12 minutes is about all I could take. what a stupid fkn movie
Negative ,just a bad movie....
Negative ,At this point Iâ€™m fed up with Chris Pratt and his magic hand able to tame any dinosaur by teaching out like he is a Jedi master
Negative ,BOOOOOOOOOO
Positive ,Best movie yet
Positive ,Nostalgia <3
Neutral ,I am going to watch this movie tonight
Positive ,BABY BLUE!!!!!!!!!!!!!!!ğŸ˜ğŸ˜ğŸ˜ğŸ˜ğŸ˜ğŸ˜ğŸ˜ğŸ˜ğŸ˜ğŸ˜ğŸ˜ğŸ˜ğŸ˜
Positive ,OH MY IM SO EXCITED TO SEE ITT YAY!!
Neutral ,Who have been watch it? How many start will u give out of 10
Negative ,This movie was such a let down...
Negative ,Movie not worth it
Negative ,Looks like a waste of millions of dollars and 2 hours
Negative ,2022 and the dinosaurs still look fake as hell
Negative ,SUCKS
Neutral ,"Not only Spidermen got reunited, the doctors too"
Negative ,TRAAAAAAAAASSSSSHHHHHHH
Negative ,Movie is horrible
Neutral ,Is it out yet?
Positive ,Awesome. Can't wait for this movie to arrive. Always a treat to watch this cast and all the dinos create havic.
Positive ,2022 is a great year to be a movie fan
Positive ,Looks Awesome!
Positive ,I love that Alan grant returns
Negative ,This stupid trailer is super misleading
Positive ,Itsss gonnaaaa be epicccc ....
Neutral ,There is a dinosaur I saw from Ark survival
Positive ,We waiting âœ‹ ğŸ˜Œ ğŸ˜
Positive ,Omg Allan Grant back
Negative  ,Shouldn't dinosaurs die in that cold temperature
Positive ,Awesome ğŸ‘ğŸ˜â¤ï¸â¤ï¸
Positive ,It's going to be something EPIC ğŸ¤¯
Neutral ,Help pls! Do I have to watch any of the other Jurassic movies before I watch this?
Negative ,Don't waste your money. It's crap.  Very poor ending the whole Jurassic franchise.
Negative ,It sucks
Neutral ,Is this the last ever Jurassic ?
Positive ,Great.  Now I'm craving Popcorn!
Positive ,This is going to be amazing
Positive ,I want to see the movie now
Neutral ,Cows go moo
Positive ,Iâ€™m soo hyped  itâ€™s gonna look amazing and sooooooooo cool Dinosaurâ€™s is cool and very very cute and the trailer is amazing!!!
Positive ,Omg the OGs
Positive ,I will watch this mainly for the original cast.
Neutral ,Where can I watch?
Neutral ,Anybody knows the release date?
Positive ,Good Trailer
Positive ,This is amust see
Positive ,yay
Negative ,Not good movie don't watch
Negative ,Terrible experience!!! Garbage plot
Negative ,Utter crap. Want my time and money back!
Positive ,"It looks great. It wouldâ€™ve been fun to get Julianne Moore back for this one, too."
Neutral ,Blue. Had. A. Baby. 
Positive ,I CANT WAIT anY LONGER
Negative ,This is so fucking stupid
Negative ,"Utterly predictable, tiresomely Hollywood."
Negative ,Another film ruined by woke BS.
Neutral ,Watching it today
Positive ,OH MY GOSH IM SO EXCITEEEEDDDDDDD
Positive ,Canâ€™t wait
Neutral ,I found a cure to covid-19
Positive ,I can't wait until the movie is out!ğŸ¤‘
Neutral ,Upload this one
Positive ,I love dinosaurs
Positive ,IM SO HYPED FOR THIS
Neutral ,What's the release date
Positive ,cant wait for this to come out  it looks amazingg
Positive ,the best movie ! ğŸ¤¯ğŸ˜ƒ
Negative ,THEY. DID. NOT.
Positive ,awesome!!! can't wait
Neutral ,Has anyone seen this movie?
Positive ,Yesss bc I love my Jurassic park/world â¤ï¸â¤ï¸
Negative ,Most bullshit dinosaur movie ever made ??????
Positive ,amazing movie i can not stand waiting for it
Positive ,I like blue form jurassic world
Neutral ,It was an average movie.
Positive ,I'm a sucker for a dinosaur movie.
Negative ,I want my money back this movie was rubbish
Positive ,"I'm excited to see this movie, Shooted in my city"
Positive ,Unreal actually in tears
Neutral ,Is blue good or bad?
Negative ,Very dumb movi
Positive ,Waiting ğŸ‘ŒğŸ”¥ğŸ˜
Positive ,Im not gonna lie when i first saw this i cried a little
Positive ,I'm so pumped for this movie
Neutral ,My family has seen less of me because I'm too young
Positive ,Cool
Positive ,OMGGGG I CANT WAITTTT!!!
Negative ,This movie was one of the biggest disappointments of 2022
Neutral ,so so
Negative ,This movie sucked
Positive ,I can't wait for it at the cinema.  why is it taking so long
Positive ,Blue has a BABY YESS VERY COOL AND CUTE
Negative ,Bad movie
Positive ,Blue is a single mom. Wow.
Positive ,All legends in single movie.
Positive ,Yoooo let's goooooooooo!!! ğŸ¦–ğŸ¦•ğŸ¦–ğŸ¦–ğŸ¦•ğŸ¦–ğŸ¦•ğŸ¦–ğŸ¦–ğŸ¦–ğŸ¦•ğŸ¦–ğŸ¦•ğŸ¦–ğŸ¦–ğŸ¦•ğŸ¦•ğŸ¦–ğŸ¦•ğŸ¦–ğŸ¦–ğŸ¦•ğŸ¦•ğŸ¦–ğŸ¦–ğŸ¦•ğŸ¦–ğŸ¦–ğŸ¦–
Positive ,Damn...this looks really good...
Positive ,IÂ´m so excited for this!ğŸ¦–ğŸ’š
Neutral ,When's Jurassic World Dominion Full Movie?
Positive ,I cant stop my tears of joy seeing this trailer..
Positive ,This is going to be soo much fun
Positive ,I love the slow version of the original song when Dr. Grant & Dr. Sattler show up â¤ğŸ¦–ğŸ¦•
Neutral ,2:10 I know that dinosaur from Cartoon shows
Positive ,Wow Dino blue
Positive ,This movie is gonna be EPIC!!!! I love Jurassic World/ParkğŸ¦–ğŸ¦–
Negative ,Can they stop with the whole ?thing. It's getting very cringey ??
Positive ,So cool and so wow because this is what I've been waiting for
Neutral ,Is it ark?
Positive ,This is so freaking epic
Positive ,Woah my sons gone love itttt
Neutral ,"Life will find a way, but will not find feathers"
Positive ,I think this is gonna be the best Jurassic film of all time
Positive ,Cant wait!!!
Positive ,This made me watch the Jurassic park trilogy all over again
Negative ,This was horribly awful
Positive ,I've seen something like this but I still love it. I'll see it again.
Neutral ,Im not a bot
Positive ,Can't wait to see this at the big screen!!!
Positive ,BRO IM DYING THIS IS GONNA BE AWESOMe !!!!!!!!!!!!!!
Positive ,Bro baby blue is the fucking cutest thing on world
Negative ,Badest Jurassic Movie EVER!
Neutral ,Adha water
Positive ,Definitely worth the wait
Positive ,Cant wait for the movie
Positive ,Waiting for it for 4 years
Neutral ,Actor Campbell Scott resembles Tim Cook. Did anyone notice the similarity?
Positive ,"I canâ€™t wait, the original cast so excited!!"
Positive ,Finally they put realistic feathers on one.
Positive ,wow
Positive ,Amazing!
Negative ,Disappointing I really wanted to like this one
Neutral ,When it comes out
Negative ,This looks more a videogame with bad graphics than a movie.
Negative ,what a great movie. Jk this dumb. A pointless sequel.
Neutral ,average
Positive ,The ogs are back baby
Positive ,"This is gonna be better than Jurassic park, and I don't care what people gonna say about it"
Neutral ,Please tell me someone finds the Barbasol shaving cream in this one
Positive ,eagerly waiting for the movieğŸ˜ğŸ˜
Positive ,Spectacular!
Positive ,I remember the day we went to watch the movie it was amazing ????
Negative ,It's literally about Locust in the world instead of dinosaurs in the world
Neutral ,Is this the last movie?
Negative ,This was the absolute WORST movie of the franchise Complete GARBAGE ğŸ‘ğŸ‘
Negative ,this looks so dumb.
Negative ,Waste movie ever.. ğŸ˜¬ğŸ¥´
Negative ,Still looks like shit.  The original Jurassic Park is still 100x scarier and realistic.
Neutral ,Owen: its a me a mario
Negative ,Flop
Negative ,JUST AWFUL MOVIE   SAVE YOUR MONEY
Neutral ,Who is watching the movie?
Negative ,TERRIBLE MOVIE DONT WASTE YOUR MONEY
Negative ,"Cheesy ass movie, bad acting, bad cinematography.. i couldnâ€™t wait for the movie to end"
Neutral ,The baby's name is beta. I saw it on a Lego set I think
Negative ,Boringgg
Negative ,DUMB ğŸ‘ Can't imagine they could ever surpass the quality of the 1st Jurassic Park
Negative ,They screwed this series up worse than star wars.
Negative ,This film is a blatant cash grab
Negative ,i guarantee this movie will be shit
Neutral ,Take a shot everytime chris pratt raises his hand
Negative ,These will never ever be as good as the first 3.
Negative ,Looks so bad
Negative ,lol Reptiles living in snowy climates only in Hollywood.
Negative ,Movie looks ass
Negative ,CGI is lacking.
Negative ,man this looks stupid
Negative  ,Fix the CGI!!
Positive ,All thanks to Michael crichton
Neutral ,"Life will find a way, but will not find feathers"
Neutral ,Imagine if scientists are able to bring back dinosaurs.
